word,sentiment
abacus,trust
abbot,trust
absolution,trust
abundance,trust
academic,trust
accolade,trust
accompaniment,trust
accord,trust
account,trust
accountability,trust
accountable,trust
accountant,trust
accounts,trust
accredited,trust
accurate,trust
achieve,trust
achievement,trust
acrobat,trust
adhering,trust
administrative,trust
admirable,trust
admiral,trust
admiration,trust
admire,trust
admissible,trust
adoration,trust
adore,trust
advent,trust
advice,trust
advisable,trust
advise,trust
advised,trust
adviser,trust
advocacy,trust
advocate,trust
affection,trust
affirm,trust
affirmatively,trust
aga,trust
agreeable,trust
agreed,trust
agreeing,trust
agreement,trust
akin,trust
alb,trust
alive,trust
allegiance,trust
alliance,trust
allied,trust
ally,trust
ambassador,trust
ambition,trust
ambulance,trust
amen,trust
amortization,trust
amour,trust
analyst,trust
ancestral,trust
angel,trust
angelic,trust
answerable,trust
antidote,trust
antifungal,trust
antiseptic,trust
apologetic,trust
apologize,trust
apostle,trust
apostolic,trust
applause,trust
appreciation,trust
apprentice,trust
approbation,trust
approve,trust
arbiter,trust
arbitrator,trust
architecture,trust
armor,trust
armory,trust
aspiration,trust
aspiring,trust
assembly,trust
asserting,trust
assessment,trust
assessor,trust
assignee,trust
assist,trust
associate,trust
association,trust
assurance,trust
assure,trust
assured,trust
assuredly,trust
atone,trust
attendant,trust
attentive,trust
attest,trust
attestation,trust
attorney,trust
auditor,trust
aunt,trust
authentic,trust
authenticate,trust
authentication,trust
authenticity,trust
author,trust
authoritative,trust
authority,trust
authorization,trust
authorize,trust
automatic,trust
award,trust
axiom,trust
axiomatic,trust
babysitter,trust
backbone,trust
backer,trust
badge,trust
bailiff,trust
bait,trust
ballot,trust
bank,trust
banker,trust
bargain,trust
bartender,trust
barter,trust
base,trust
beautification,trust
bedrock,trust
befriend,trust
believed,trust
believer,trust
believing,trust
benefactor,trust
benevolence,trust
bequest,trust
betrothed,trust
birth,trust
blanket,trust
bless,trust
blessing,trust
blessings,trust
bloom,trust
bodyguard,trust
boomerang,trust
bounty,trust
bouquet,trust
bridal,trust
bride,trust
bridegroom,trust
bridesmaid,trust
brighten,trust
brilliant,trust
brother,trust
brotherhood,trust
brotherly,trust
buddy,trust
budget,trust
bureaucracy,trust
bursary,trust
butler,trust
bylaw,trust
cabinet,trust
calculator,trust
calf,trust
calls,trust
candid,trust
canons,trust
cap,trust
captivate,trust
caretaker,trust
carol,trust
cash,trust
cashier,trust
cathedral,trust
cautious,trust
celebration,trust
celebrity,trust
cement,trust
censor,trust
center,trust
certify,trust
chairman,trust
chairwoman,trust
champion,trust
chancellor,trust
chaplain,trust
charitable,trust
chart,trust
chastity,trust
checklist,trust
cheer,trust
cheerfulness,trust
chemist,trust
cherish,trust
chicane,trust
chocolate,trust
choir,trust
chronicle,trust
chuckle,trust
church,trust
civilization,trust
civilized,trust
clan,trust
clap,trust
clean,trust
clearance,trust
clerical,trust
climax,trust
closeness,trust
coach,trust
coalesce,trust
coax,trust
coexist,trust
coexisting,trust
cogent,trust
cohesion,trust
cohesive,trust
collaborator,trust
collateral,trust
collectively,trust
colonel,trust
comfort,trust
commandant,trust
commanding,trust
commendable,trust
commerce,trust
commission,trust
committed,trust
committee,trust
commodore,trust
commonplace,trust
commonwealth,trust
communicate,trust
communication,trust
communion,trust
compact,trust
companion,trust
compass,trust
compensate,trust
competence,trust
competency,trust
competent,trust
complement,trust
compliance,trust
compliment,trust
comptroller,trust
comrade,trust
conciliation,trust
concord,trust
concordance,trust
confederate,trust
confess,trust
confessional,trust
confide,trust
confidence,trust
confident,trust
confidential,trust
confidentially,trust
confirmation,trust
confirmed,trust
conformity,trust
conglomerate,trust
congregation,trust
congress,trust
congressman,trust
congruence,trust
connective,trust
connoisseur,trust
conscience,trust
conscientious,trust
consecration,trust
conservation,trust
considerate,trust
consistency,trust
consort,trust
constable,trust
constancy,trust
constant,trust
constantly,trust
constitute,trust
constitutional,trust
consul,trust
consult,trust
content,trust
continue,trust
contributor,trust
convent,trust
conveyancing,trust
convince,trust
convinced,trust
convincing,trust
cooperating,trust
cooperation,trust
cooperative,trust
cop,trust
coronation,trust
corporation,trust
correctness,trust
corroborate,trust
corroboration,trust
cosmopolitan,trust
council,trust
counsel,trust
counsellor,trust
counselor,trust
count,trust
countryman,trust
county,trust
courier,trust
courtship,trust
covenant,trust
cover,trust
cradle,trust
credence,trust
credential,trust
credibility,trust
credible,trust
credit,trust
creditable,trust
crescendo,trust
crew,trust
crisp,trust
crowning,trust
crucial,trust
cube,trust
cuddle,trust
culinary,trust
cultivate,trust
curable,trust
custodian,trust
custody,trust
dame,trust
dance,trust
dare,trust
darling,trust
dawn,trust
deacon,trust
deal,trust
dealings,trust
deceiving,trust
deed,trust
defended,trust
defender,trust
deference,trust
definitive,trust
delegate,trust
delightful,trust
deliverance,trust
depend,trust
dependent,trust
depository,trust
depth,trust
deputy,trust
dermatologist,trust
deserve,trust
designation,trust
determinate,trust
determination,trust
devastating,trust
devotional,trust
devout,trust
diagnosis,trust
diary,trust
dictionary,trust
dictum,trust
differential,trust
digit,trust
dignity,trust
diligence,trust
diplomacy,trust
diplomatic,trust
director,trust
disciple,trust
disclaim,trust
disclosed,trust
discretion,trust
disposed,trust
divan,trust
divorce,trust
doctor,trust
doctrine,trust
dogma,trust
dolphin,trust
dominion,trust
don,trust
doubt,trust
doubtless,trust
dove,trust
downright,trust
dubious,trust
durability,trust
durable,trust
dutiful,trust
eager,trust
eagerness,trust
eagle,trust
economy,trust
edification,trust
educational,trust
effective,trust
efficient,trust
ejaculation,trust
elder,trust
elders,trust
elect,trust
electorate,trust
elegance,trust
elevation,trust
elite,trust
elucidate,trust
embrace,trust
eminence,trust
emphasize,trust
employ,trust
enable,trust
enablement,trust
enchanted,trust
encourage,trust
encyclopedia,trust
endless,trust
endow,trust
endowment,trust
engaged,trust
engaging,trust
enjoy,trust
enjoying,trust
enlighten,trust
enlightenment,trust
enliven,trust
enroll,trust
ensemble,trust
entertainment,trust
entrust,trust
episcopal,trust
equality,trust
erotic,trust
errand,trust
escort,trust
establish,trust
esteem,trust
evergreen,trust
evident,trust
exalt,trust
exaltation,trust
exalted,trust
excel,trust
excellence,trust
excellent,trust
exchange,trust
excited,trust
execution,trust
executor,trust
exhaustive,trust
expect,trust
expedient,trust
experienced,trust
expert,trust
expertise,trust
explain,trust
eyewitness,trust
fabrication,trust
fact,trust
facts,trust
faculty,trust
fain,trust
fairly,trust
faith,trust
faithful,trust
falsehood,trust
familiar,trust
familiarity,trust
father,trust
faultless,trust
favorable,trust
favorite,trust
feeling,trust
fellow,trust
fender,trust
fidelity,trust
fiesta,trust
fill,trust
finally,trust
fireman,trust
firmness,trust
firstborn,trust
fitting,trust
fixed,trust
flagship,trust
flange,trust
flirt,trust
follower,trust
food,trust
footing,trust
forecast,trust
forefathers,trust
foresee,trust
foresight,trust
forgiving,trust
formality,trust
formative,trust
formula,trust
fort,trust
fortitude,trust
fortress,trust
fortune,trust
found,trust
framework,trust
frank,trust
frankness,trust
fraternal,trust
freedom,trust
freely,trust
friend,trust
friendliness,trust
friendly,trust
friendship,trust
fugitive,trust
fulfillment,trust
fully,trust
fundamental,trust
fuse,trust
gage,trust
garrison,trust
gate,trust
gateway,trust
gauging,trust
gazette,trust
general,trust
generosity,trust
generous,trust
gentleman,trust
gentry,trust
genuine,trust
girder,trust
glorify,trust
glory,trust
glow,trust
god,trust
godly,trust
good,trust
goodness,trust
gospel,trust
govern,trust
governess,trust
governor,trust
graduation,trust
grammar,trust
grandchildren,trust
grandfather,trust
grant,trust
greatness,trust
green,trust
grin,trust
grit,trust
ground,trust
grow,trust
guarantee,trust
guard,trust
guarded,trust
guardian,trust
guardianship,trust
gubernatorial,trust
guidance,trust
guide,trust
guidebook,trust
gullible,trust
guru,trust
gusset,trust
hail,trust
handbook,trust
happy,trust
harbor,trust
hardy,trust
harmoniously,trust
harmony,trust
haven,trust
heal,trust
healing,trust
heartfelt,trust
heavenly,trust
heavens,trust
helper,trust
helpful,trust
heritage,trust
hermit,trust
hero,trust
heroic,trust
heroine,trust
heroism,trust
heyday,trust
hire,trust
holiness,trust
honest,trust
honesty,trust
honeymoon,trust
honor,trust
honorable,trust
hope,trust
hopeful,trust
horse,trust
hospital,trust
hug,trust
humanitarian,trust
humanity,trust
humility,trust
husbandry,trust
hymn,trust
illumination,trust
immaculate,trust
immerse,trust
immovable,trust
immunization,trust
impart,trust
impartial,trust
impartiality,trust
impeccable,trust
impenetrable,trust
important,trust
impressionable,trust
improve,trust
improvement,trust
inauguration,trust
incline,trust
inclusion,trust
income,trust
indelible,trust
indemnity,trust
indent,trust
independence,trust
indestructible,trust
indivisible,trust
infallibility,trust
infinity,trust
influential,trust
inform,trust
inheritance,trust
inimitable,trust
innocent,trust
inoculation,trust
inseparable,trust
insolvent,trust
inspire,trust
inspired,trust
institute,trust
instruct,trust
instruction,trust
instructions,trust
instructor,trust
insulation,trust
insure,trust
intact,trust
integrity,trust
intelligence,trust
intelligent,trust
intend,trust
intense,trust
intercession,trust
interior,trust
intimate,trust
intuition,trust
invite,trust
inviting,trust
invocation,trust
iron,trust
irrefutable,trust
journalism,trust
journeyman,trust
joyful,trust
jubilant,trust
judicial,trust
judiciary,trust
judicious,trust
jurist,trust
jury,trust
justice,trust
justifiable,trust
khan,trust
kind,trust
kindred,trust
kitten,trust
knickers,trust
label,trust
labor,trust
lace,trust
lamb,trust
landmark,trust
larger,trust
laser,trust
laureate,trust
law,trust
lawful,trust
leader,trust
leading,trust
leaning,trust
legal,trust
legalized,trust
legislator,trust
legislature,trust
legitimacy,trust
leisure,trust
lender,trust
lesson,trust
lettered,trust
levee,trust
level,trust
libel,trust
liberate,trust
liberty,trust
lieutenant,trust
liking,trust
linguist,trust
lodging,trust
lord,trust
lovable,trust
lovely,trust
lovemaking,trust
lover,trust
loving,trust
loyal,trust
loyalty,trust
machine,trust
magnet,trust
magnificence,trust
magnificent,trust
mainstay,trust
maintenance,trust
majestic,trust
majesty,trust
majority,trust
mamma,trust
manage,trust
management,trust
mandarin,trust
manual,trust
marine,trust
marriage,trust
marrow,trust
marry,trust
marshal,trust
mastery,trust
mate,trust
mathematical,trust
matrimony,trust
matron,trust
maxim,trust
measure,trust
measured,trust
medal,trust
mediate,trust
mediator,trust
medical,trust
meditate,trust
memorable,trust
mentor,trust
merchant,trust
merit,trust
meritorious,trust
messenger,trust
microscope,trust
midwife,trust
mighty,trust
ministry,trust
miracle,trust
mislead,trust
moat,trust
moderator,trust
modest,trust
money,trust
monk,trust
monogamy,trust
moorings,trust
moral,trust
morality,trust
morals,trust
mortgagee,trust
mother,trust
motherhood,trust
mule,trust
musical,trust
nation,trust
navigator,trust
negotiate,trust
neighbor,trust
nest,trust
nestle,trust
neutral,trust
neutrality,trust
nobility,trust
noble,trust
nobleman,trust
notable,trust
notary,trust
nun,trust
nurse,trust
nursery,trust
nurture,trust
oasis,trust
oath,trust
obedience,trust
obey,trust
objective,trust
oblige,trust
obliging,trust
obstetrician,trust
obvious,trust
occupant,trust
offering,trust
officer,trust
official,trust
omniscient,trust
opera,trust
operation,trust
optimism,trust
optimist,trust
oracle,trust
orchestra,trust
ordained,trust
ordinance,trust
ordination,trust
organization,trust
orthodoxy,trust
owing,trust
pact,trust
paragon,trust
parietal,trust
parish,trust
parliament,trust
partake,trust
partnership,trust
passion,trust
passionate,trust
pastor,trust
patience,trust
patriarchal,trust
patrol,trust
patron,trust
patronage,trust
pavement,trust
pawn,trust
pay,trust
peace,trust
peaceful,trust
pedigree,trust
perceive,trust
perennial,trust
perfect,trust
perfection,trust
periodicity,trust
perpetuity,trust
personal,trust
persuade,trust
pertinent,trust
phalanx,trust
philanthropic,trust
philanthropist,trust
philosopher,trust
physician,trust
physicist,trust
picnic,trust
pill,trust
pilot,trust
pious,trust
pith,trust
pivot,trust
planning,trust
playful,trust
playground,trust
pleasant,trust
pledge,trust
police,trust
policeman,trust
policy,trust
poll,trust
pontiff,trust
possess,trust
powerful,trust
practiced,trust
praise,trust
praiseworthy,trust
pray,trust
precedence,trust
predominant,trust
prefer,trust
prepared,trust
preponderance,trust
present,trust
preservative,trust
president,trust
prestige,trust
presumption,trust
pretty,trust
prevalent,trust
priest,trust
priesthood,trust
primer,trust
princely,trust
principal,trust
privileged,trust
privy,trust
probity,trust
proctor,trust
professional,trust
professor,trust
professorship,trust
proficiency,trust
proficient,trust
progression,trust
promise,trust
proof,trust
prophet,trust
prophylactic,trust
protected,trust
protecting,trust
protector,trust
proud,trust
proven,trust
provide,trust
providing,trust
proviso,trust
proxy,trust
prudent,trust
pry,trust
punctual,trust
puppy,trust
purely,trust
purification,trust
purify,trust
purr,trust
putative,trust
quaint,trust
qualified,trust
radar,trust
radiance,trust
ranger,trust
rapt,trust
ratify,trust
rational,trust
rave,trust
readiness,trust
real,trust
reassurance,trust
reassure,trust
recline,trust
recommend,trust
reconciliation,trust
reconsideration,trust
recruits,trust
referee,trust
regal,trust
regent,trust
registry,trust
regularity,trust
reimbursement,trust
reinforcement,trust
reinforcements,trust
rejoice,trust
related,trust
relative,trust
relevant,trust
reliability,trust
reliable,trust
reliance,trust
religion,trust
remains,trust
remarkable,trust
remedy,trust
reparation,trust
repay,trust
reporter,trust
reputable,trust
rescue,trust
resources,trust
respect,trust
respectable,trust
respectful,trust
respects,trust
respite,trust
responsible,trust
responsive,trust
restorative,trust
retain,trust
retirement,trust
reunion,trust
revere,trust
reverence,trust
reverie,trust
revival,trust
reward,trust
roadster,trust
rod,trust
romance,trust
romantic,trust
rooted,trust
rota,trust
routine,trust
rule,trust
sadness,trust
safe,trust
safeguard,trust
safekeeping,trust
sage,trust
saint,trust
saintly,trust
salary,trust
salutary,trust
salvation,trust
sanctification,trust
sanctify,trust
sanctuary,trust
sappy,trust
save,trust
savor,trust
sceptical,trust
school,trust
scientific,trust
scientist,trust
scoundrel,trust
scripture,trust
seal,trust
seals,trust
secrecy,trust
secret,trust
securities,trust
senate,trust
seniority,trust
sensual,trust
sentinel,trust
sentry,trust
serene,trust
serenity,trust
series,trust
sermon,trust
servant,trust
serve,trust
sex,trust
share,trust
shelter,trust
shepherd,trust
sheriff,trust
shopkeeper,trust
shopping,trust
shoulder,trust
show,trust
sib,trust
signature,trust
simplify,trust
sincere,trust
sing,trust
sir,trust
sisterhood,trust
skillful,trust
smile,trust
smith,trust
sneaking,trust
sobriety,trust
solidarity,trust
solidity,trust
soothing,trust
soundness,trust
sovereign,trust
spa,trust
spaniel,trust
specialist,trust
specialize,trust
spokesman,trust
sponsor,trust
spotless,trust
spouse,trust
stable,trust
stamina,trust
star,trust
stark,trust
statement,trust
statistical,trust
steadfast,trust
steady,trust
sterling,trust
steward,trust
straightforward,trust
strategist,trust
strength,trust
strengthening,trust
structural,trust
structure,trust
substantiate,trust
succeed,trust
succeeding,trust
successful,trust
suggest,trust
sun,trust
sundial,trust
superman,trust
superstar,trust
supplication,trust
supporter,trust
supporting,trust
supremacy,trust
surety,trust
surrogate,trust
swear,trust
sweet,trust
sweetheart,trust
symmetry,trust
sympathetic,trust
synchronize,trust
synergistic,trust
synod,trust
synonymous,trust
system,trust
tactics,trust
tandem,trust
tantamount,trust
taught,trust
teach,trust
teacher,trust
team,trust
temperate,trust
tender,trust
testament,trust
testimony,trust
theocratic,trust
theological,trust
theorem,trust
theory,trust
therapeutic,trust
thermometer,trust
thoughtful,trust
thrift,trust
throne,trust
tickle,trust
title,trust
top,trust
toughness,trust
trade,trust
trainer,trust
tranquility,trust
transaction,trust
transcendence,trust
transcript,trust
translation,trust
treasure,trust
treasurer,trust
treat,trust
tree,trust
tribe,trust
tribunal,trust
tribune,trust
triumphant,trust
trophy,trust
truce,trust
truck,trust
true,trust
truss,trust
trust,trust
trustee,trust
truth,trust
truthful,trust
truthfulness,trust
tutelage,trust
umpire,trust
unaccountable,trust
unbroken,trust
understanding,trust
underwrite,trust
undying,trust
unequivocal,trust
unification,trust
united,trust
unity,trust
unquestionable,trust
unquestionably,trust
unquestioned,trust
unreliable,trust
unsurpassed,trust
unwavering,trust
uplift,trust
upright,trust
usher,trust
usual,trust
utopian,trust
valor,trust
veal,trust
venerable,trust
veracity,trust
verification,trust
verified,trust
verily,trust
veteran,trust
vicar,trust
victory,trust
vigilance,trust
vigilant,trust
vigorous,trust
villager,trust
vindication,trust
virgin,trust
virtue,trust
virtuous,trust
visionary,trust
vitality,trust
volunteer,trust
volunteers,trust
vote,trust
votive,trust
vouch,trust
voucher,trust
vow,trust
warden,trust
warn,trust
warranty,trust
watchdog,trust
watchful,trust
watchman,trust
wealth,trust
wear,trust
weigh,trust
weight,trust
white,trust
wholesome,trust
winning,trust
wisdom,trust
witness,trust
wonderful,trust
word,trust
worship,trust
worthy,trust
wot,trust
yearning,trust
zeal,trust
zealous,trust
zest,trust
